INSERT INTO CUSTOMER VALUES('CUST1353','Walter','King','Walter43@gmail.com',8433974747,'M','USNS Mcclain FPO AA 72137');
INSERT INTO PRESCRIPTION VALUES(123001,'CUST1353','Walter','crocin',1,8433974747);
INSERT INTO BILL VALUES(123001,31,'USNS Mcclain FPO AA 72137','CASHIER1004','SUPPLIER1000');

INSERT INTO CUSTOMER VALUES('CUST3212','Walter','King','Walter43@gmail.com',8326570576,'F','32551 Spencer Common Suite 546 Mcdonaldberg, ID 75569');
INSERT INTO PRESCRIPTION VALUES(123002,'CUST3212','Walter','crocin',7,8326570576);
INSERT INTO BILL VALUES(123002,217,'32551 Spencer Common Suite 546 Mcdonaldberg, ID 75569','CASHIER1000','SUPPLIER1004');

INSERT INTO CUSTOMER VALUES('CUST7686','Jeff','Leonelli','Jeff23@gmail.com',9370435824,'M','PSC 6450, Box 3808 APO AP 74658');
INSERT INTO PRESCRIPTION VALUES(123003,'CUST7686','Jeff','zopiclone',6,9370435824);
INSERT INTO BILL VALUES(123003,246,'PSC 6450, Box 3808 APO AP 74658','CASHIER1000','SUPPLIER1003');

INSERT INTO CUSTOMER VALUES('CUST2471','Jay','Barnett','Jay30@gmail.com',9736898863,'M','73209 Erin Rapid Mclaughlinmouth, KY 83545');
INSERT INTO PRESCRIPTION VALUES(123004,'CUST2471','Jay','diazepam',1,9736898863);
INSERT INTO BILL VALUES(123004,29,'73209 Erin Rapid Mclaughlinmouth, KY 83545','CASHIER1003','SUPPLIER1002');

INSERT INTO CUSTOMER VALUES('CUST4435','Jay','Barnett','Jay22@gmail.com',8368082275,'F','7229 Russell Plaza Port Jessicamouth, ME 97524');
INSERT INTO PRESCRIPTION VALUES(123005,'CUST4435','Jay','trazodone',10,8368082275);
INSERT INTO BILL VALUES(123005,260,'7229 Russell Plaza Port Jessicamouth, ME 97524','CASHIER1003','SUPPLIER1002');

INSERT INTO CUSTOMER VALUES('CUST4439','Jay','Barnett','Jay30@gmail.com',9254010422,'F','66685 Johnson Dale South Stevenside, WA 05768');
INSERT INTO PRESCRIPTION VALUES(123006,'CUST4439','Jay','hyoscine',8,9254010422);
INSERT INTO BILL VALUES(123006,120,'66685 Johnson Dale South Stevenside, WA 05768','CASHIER1004','SUPPLIER1000');

INSERT INTO CUSTOMER VALUES('CUST7298','Shannon','Wheat','Shannon18@gmail.com',9441712785,'M','USCGC Baker FPO AA 80652');
INSERT INTO PRESCRIPTION VALUES(123007,'CUST7298','Shannon','zopiclone',3,9441712785);
INSERT INTO BILL VALUES(123007,123,'USCGC Baker FPO AA 80652','CASHIER1001','SUPPLIER1000');

INSERT INTO CUSTOMER VALUES('CUST5579','Gary','Osterhoudt','Gary18@gmail.com',9764954794,'M','336 Black Street South Cristinamouth, WY 80441');
INSERT INTO PRESCRIPTION VALUES(123008,'CUST5579','Gary','zopiclone',8,9764954794);
INSERT INTO BILL VALUES(123008,328,'336 Black Street South Cristinamouth, WY 80441','CASHIER1003','SUPPLIER1001');

INSERT INTO CUSTOMER VALUES('CUST6396','Gary','Osterhoudt','Gary25@gmail.com',8630200830,'F','4531 Castillo Common Suite 551 East Conniemouth, AZ 38542');
INSERT INTO PRESCRIPTION VALUES(123009,'CUST6396','Gary','opioid',3,8630200830);
INSERT INTO BILL VALUES(123009,81,'4531 Castillo Common Suite 551 East Conniemouth, AZ 38542','CASHIER1000','SUPPLIER1004');

INSERT INTO CUSTOMER VALUES('CUST5303','Gary','Osterhoudt','Gary21@gmail.com',8755707120,'F','31199 Garcia Course Suite 013 East Haileystad, KY 42374');
INSERT INTO PRESCRIPTION VALUES(123010,'CUST5303','Gary','codeine',2,8755707120);
INSERT INTO BILL VALUES(123010,72,'31199 Garcia Course Suite 013 East Haileystad, KY 42374','CASHIER1000','SUPPLIER1000');

INSERT INTO CUSTOMER VALUES('CUST3167','Gary','Osterhoudt','Gary43@gmail.com',8188805487,'F','05286 Brooke Walk Johnfort, TX 44776');
INSERT INTO PRESCRIPTION VALUES(123011,'CUST3167','Gary','diazepam',8,8188805487);
INSERT INTO BILL VALUES(123011,232,'05286 Brooke Walk Johnfort, TX 44776','CASHIER1003','SUPPLIER1005');

INSERT INTO CUSTOMER VALUES('CUST5544','Gary','Osterhoudt','Gary42@gmail.com',9504989253,'F','949 George Islands Ramirezstad, NJ 51752');
INSERT INTO PRESCRIPTION VALUES(123012,'CUST5544','Gary','codeine',9,9504989253);
INSERT INTO BILL VALUES(123012,324,'949 George Islands Ramirezstad, NJ 51752','CASHIER1000','SUPPLIER1000');

INSERT INTO CUSTOMER VALUES('CUST6261','Gary','Osterhoudt','Gary25@gmail.com',9491263178,'F','3005 Timothy Vista Apt. 045 Brandiview, KY 74143');
INSERT INTO PRESCRIPTION VALUES(123013,'CUST6261','Gary','trazodone',10,9491263178);
INSERT INTO BILL VALUES(123013,260,'3005 Timothy Vista Apt. 045 Brandiview, KY 74143','CASHIER1001','SUPPLIER1003');

INSERT INTO CUSTOMER VALUES('CUST9524','Manuel','Torrez','Manuel45@gmail.com',9799662497,'M','3092 Cook Green Apt. 282 Kimberlybury, MS 15184');
INSERT INTO PRESCRIPTION VALUES(123014,'CUST9524','Manuel','crocin',10,9799662497);
INSERT INTO BILL VALUES(123014,310,'3092 Cook Green Apt. 282 Kimberlybury, MS 15184','CASHIER1005','SUPPLIER1000');

INSERT INTO CUSTOMER VALUES('CUST4816','Abraham','Taylor','Abraham20@gmail.com',9712212655,'M','1612 Williams Mill North Amyton, CO 25444');
INSERT INTO PRESCRIPTION VALUES(123015,'CUST4816','Abraham','diazepam',5,9712212655);
INSERT INTO BILL VALUES(123015,145,'1612 Williams Mill North Amyton, CO 25444','CASHIER1002','SUPPLIER1003');

INSERT INTO CUSTOMER VALUES('CUST9622','Abraham','Taylor','Abraham36@gmail.com',8869965752,'F','USCGC Stevens FPO AA 11446');
INSERT INTO PRESCRIPTION VALUES(123016,'CUST9622','Abraham','crocin',7,8869965752);
INSERT INTO BILL VALUES(123016,217,'USCGC Stevens FPO AA 11446','CASHIER1005','SUPPLIER1003');

INSERT INTO CUSTOMER VALUES('CUST7190','Jason','Barrientes','Jason19@gmail.com',8489406299,'M','7958 Valdez Street Suite 638 Leefurt, MD 37233');
INSERT INTO PRESCRIPTION VALUES(123017,'CUST7190','Jason','diazepam',5,8489406299);
INSERT INTO BILL VALUES(123017,145,'7958 Valdez Street Suite 638 Leefurt, MD 37233','CASHIER1000','SUPPLIER1004');

INSERT INTO CUSTOMER VALUES('CUST3421','Jason','Barrientes','Jason28@gmail.com',8109241434,'F','236 Donald Pass Apt. 507 Rothchester, IN 28894');
INSERT INTO PRESCRIPTION VALUES(123018,'CUST3421','Jason','trazodone',6,8109241434);
INSERT INTO BILL VALUES(123018,156,'236 Donald Pass Apt. 507 Rothchester, IN 28894','CASHIER1005','SUPPLIER1001');

INSERT INTO CUSTOMER VALUES('CUST2095','Jason','Barrientes','Jason37@gmail.com',8808671383,'F','7554 Isabella Harbor Suite 730 South Kimberlystad, MT 92332');
INSERT INTO PRESCRIPTION VALUES(123019,'CUST2095','Jason','hyoscine',3,8808671383);
INSERT INTO BILL VALUES(123019,45,'7554 Isabella Harbor Suite 730 South Kimberlystad, MT 92332','CASHIER1005','SUPPLIER1001');

INSERT INTO CUSTOMER VALUES('CUST2349','Sonny','Calvin','Sonny26@gmail.com',8769612713,'M','3190 Ross Corners Suite 998 South Joshuastad, MD 07823');
INSERT INTO PRESCRIPTION VALUES(123020,'CUST2349','Sonny','hyoscine',6,8769612713);
INSERT INTO BILL VALUES(123020,90,'3190 Ross Corners Suite 998 South Joshuastad, MD 07823','CASHIER1003','SUPPLIER1004');

INSERT INTO CUSTOMER VALUES('CUST5341','Sonny','Calvin','Sonny25@gmail.com',8324217042,'F','67351 Shepherd Valleys North Stephenville, KY 19861');
INSERT INTO PRESCRIPTION VALUES(123021,'CUST5341','Sonny','opioid',2,8324217042);
INSERT INTO BILL VALUES(123021,54,'67351 Shepherd Valleys North Stephenville, KY 19861','CASHIER1004','SUPPLIER1000');

INSERT INTO CUSTOMER VALUES('CUST9011','Eugene','Pack','Eugene28@gmail.com',9773582932,'M','118 Jessica River Apt. 232 Rosehaven, MN 26512');
INSERT INTO PRESCRIPTION VALUES(123022,'CUST9011','Eugene','crocin',9,9773582932);
INSERT INTO BILL VALUES(123022,279,'118 Jessica River Apt. 232 Rosehaven, MN 26512','CASHIER1002','SUPPLIER1002');

INSERT INTO CUSTOMER VALUES('CUST5461','Brett','Surbaugh','Brett22@gmail.com',9674472033,'M','4115 Davis Knolls Leeton, NC 11267');
INSERT INTO PRESCRIPTION VALUES(123023,'CUST5461','Brett','zopiclone',4,9674472033);
INSERT INTO BILL VALUES(123023,164,'4115 Davis Knolls Leeton, NC 11267','CASHIER1005','SUPPLIER1000');

INSERT INTO CUSTOMER VALUES('CUST3759','Brett','Surbaugh','Brett34@gmail.com',9215439062,'F','760 Vincent Port Suite 390 Lake Carlachester, DC 47107');
INSERT INTO PRESCRIPTION VALUES(123024,'CUST3759','Brett','opioid',10,9215439062);
INSERT INTO BILL VALUES(123024,270,'760 Vincent Port Suite 390 Lake Carlachester, DC 47107','CASHIER1004','SUPPLIER1003');

INSERT INTO CUSTOMER VALUES('CUST6699','Louie','Leonard','Louie22@gmail.com',9228222205,'M','45373 Linda Valley Suite 006 Karenbury, AZ 42162');
INSERT INTO PRESCRIPTION VALUES(123025,'CUST6699','Louie','crocin',9,9228222205);
INSERT INTO BILL VALUES(123025,279,'45373 Linda Valley Suite 006 Karenbury, AZ 42162','CASHIER1003','SUPPLIER1005');

INSERT INTO CUSTOMER VALUES('CUST3515','Louie','Leonard','Louie24@gmail.com',9290448926,'F','7775 Thompson Rest Crossview, HI 23591');
INSERT INTO PRESCRIPTION VALUES(123026,'CUST3515','Louie','crocin',5,9290448926);
INSERT INTO BILL VALUES(123026,155,'7775 Thompson Rest Crossview, HI 23591','CASHIER1004','SUPPLIER1005');

INSERT INTO CUSTOMER VALUES('CUST1375','Louie','Leonard','Louie19@gmail.com',8999878689,'F','78228 Tyler Drive Apt. 933 Kevinmouth, KY 71999');
INSERT INTO PRESCRIPTION VALUES(123027,'CUST1375','Louie','codeine',10,8999878689);
INSERT INTO BILL VALUES(123027,360,'78228 Tyler Drive Apt. 933 Kevinmouth, KY 71999','CASHIER1005','SUPPLIER1005');

INSERT INTO CUSTOMER VALUES('CUST9185','Louie','Leonard','Louie29@gmail.com',8493019589,'F','30868 Autumn Ville Suite 783 South Jacob, WY 50135');
INSERT INTO PRESCRIPTION VALUES(123028,'CUST9185','Louie','opioid',6,8493019589);
INSERT INTO BILL VALUES(123028,162,'30868 Autumn Ville Suite 783 South Jacob, WY 50135','CASHIER1005','SUPPLIER1002');

INSERT INTO CUSTOMER VALUES('CUST4087','Terry','Davis','Terry33@gmail.com',8462454915,'M','6284 Leach Plains Suite 855 West Lisa, CA 72068');
INSERT INTO PRESCRIPTION VALUES(123029,'CUST4087','Terry','hyoscine',10,8462454915);
INSERT INTO BILL VALUES(123029,150,'6284 Leach Plains Suite 855 West Lisa, CA 72068','CASHIER1002','SUPPLIER1003');

INSERT INTO CUSTOMER VALUES('CUST2606','Lonnie','Forbis','Lonnie44@gmail.com',9502875109,'M','3519 Lori Ridge Suite 408 Robinsonfort, KY 63109');
INSERT INTO PRESCRIPTION VALUES(123030,'CUST2606','Lonnie','diazepam',5,9502875109);
INSERT INTO BILL VALUES(123030,145,'3519 Lori Ridge Suite 408 Robinsonfort, KY 63109','CASHIER1002','SUPPLIER1000');

INSERT INTO CUSTOMER VALUES('CUST3926','Lonnie','Forbis','Lonnie29@gmail.com',8770263312,'F','391 Brent Creek Angelamouth, MO 49315');
INSERT INTO PRESCRIPTION VALUES(123031,'CUST3926','Lonnie','trazodone',8,8770263312);
INSERT INTO BILL VALUES(123031,208,'391 Brent Creek Angelamouth, MO 49315','CASHIER1003','SUPPLIER1004');

INSERT INTO CUSTOMER VALUES('CUST9381','Lonnie','Forbis','Lonnie22@gmail.com',9201833689,'F','847 Rhonda Plains Suite 768 Jenniferhaven, WV 65036');
INSERT INTO PRESCRIPTION VALUES(123032,'CUST9381','Lonnie','zopiclone',2,9201833689);
INSERT INTO BILL VALUES(123032,82,'847 Rhonda Plains Suite 768 Jenniferhaven, WV 65036','CASHIER1002','SUPPLIER1000');

INSERT INTO CUSTOMER VALUES('CUST5873','Lonnie','Forbis','Lonnie20@gmail.com',8123745605,'F','PSC 1775, Box 0288 APO AP 70638');
INSERT INTO PRESCRIPTION VALUES(123033,'CUST5873','Lonnie','crocin',9,8123745605);
INSERT INTO BILL VALUES(123033,279,'PSC 1775, Box 0288 APO AP 70638','CASHIER1001','SUPPLIER1005');

INSERT INTO CUSTOMER VALUES('CUST5653','Roman','Thompson','Roman41@gmail.com',8566622599,'M','72191 Gonzales Junctions Chavezview, TX 49308');
INSERT INTO PRESCRIPTION VALUES(123034,'CUST5653','Roman','codeine',8,8566622599);
INSERT INTO BILL VALUES(123034,288,'72191 Gonzales Junctions Chavezview, TX 49308','CASHIER1004','SUPPLIER1003');

INSERT INTO CUSTOMER VALUES('CUST4066','Roman','Thompson','Roman29@gmail.com',9790317934,'F','2512 Tara Lane Suite 627 Lake Shannon, NE 23240');
INSERT INTO PRESCRIPTION VALUES(123035,'CUST4066','Roman','diazepam',1,9790317934);
INSERT INTO BILL VALUES(123035,29,'2512 Tara Lane Suite 627 Lake Shannon, NE 23240','CASHIER1002','SUPPLIER1001');

INSERT INTO CUSTOMER VALUES('CUST7866','Roman','Thompson','Roman33@gmail.com',8800569202,'F','3435 Sarah Lights New Tyler, KS 43434');
INSERT INTO PRESCRIPTION VALUES(123036,'CUST7866','Roman','hyoscine',3,8800569202);
INSERT INTO BILL VALUES(123036,45,'3435 Sarah Lights New Tyler, KS 43434','CASHIER1003','SUPPLIER1002');

INSERT INTO CUSTOMER VALUES('CUST6731','Roman','Thompson','Roman24@gmail.com',9524563291,'F','69682 Laurie Points Apt. 168 East Jasonburgh, AL 98055');
INSERT INTO PRESCRIPTION VALUES(123037,'CUST6731','Roman','diazepam',4,9524563291);
INSERT INTO BILL VALUES(123037,116,'69682 Laurie Points Apt. 168 East Jasonburgh, AL 98055','CASHIER1002','SUPPLIER1001');

INSERT INTO CUSTOMER VALUES('CUST3228','Fredrick','Perez','Fredrick42@gmail.com',9607962571,'M','62016 Janice Field Danielfort, AK 26387');
INSERT INTO PRESCRIPTION VALUES(123038,'CUST3228','Fredrick','diazepam',9,9607962571);
INSERT INTO BILL VALUES(123038,261,'62016 Janice Field Danielfort, AK 26387','CASHIER1004','SUPPLIER1002');

INSERT INTO CUSTOMER VALUES('CUST5488','Robert','Cole','Robert45@gmail.com',9458393802,'M','219 Monica Landing New Tonya, NC 30551');
INSERT INTO PRESCRIPTION VALUES(123039,'CUST5488','Robert','diazepam',8,9458393802);
INSERT INTO BILL VALUES(123039,232,'219 Monica Landing New Tonya, NC 30551','CASHIER1002','SUPPLIER1001');

INSERT INTO CUSTOMER VALUES('CUST4069','Robert','Cole','Robert36@gmail.com',8709437523,'F','49422 Austin Oval Suite 938 North Josephville, IL 69408');
INSERT INTO PRESCRIPTION VALUES(123040,'CUST4069','Robert','trazodone',9,8709437523);
INSERT INTO BILL VALUES(123040,234,'49422 Austin Oval Suite 938 North Josephville, IL 69408','CASHIER1001','SUPPLIER1001');

INSERT INTO CUSTOMER VALUES('CUST6105','Robert','Cole','Robert39@gmail.com',9949325259,'F','002 Courtney Mountains Apt. 189 Sullivanside, FL 78243');
INSERT INTO PRESCRIPTION VALUES(123041,'CUST6105','Robert','zopiclone',1,9949325259);
INSERT INTO BILL VALUES(123041,41,'002 Courtney Mountains Apt. 189 Sullivanside, FL 78243','CASHIER1003','SUPPLIER1005');

INSERT INTO CUSTOMER VALUES('CUST9455','David','Fitzpatrick','David18@gmail.com',9319458106,'M','21955 Clarke Loop Cantrellview, ND 31431');
INSERT INTO PRESCRIPTION VALUES(123042,'CUST9455','David','crocin',6,9319458106);
INSERT INTO BILL VALUES(123042,186,'21955 Clarke Loop Cantrellview, ND 31431','CASHIER1004','SUPPLIER1002');

INSERT INTO CUSTOMER VALUES('CUST2467','Walter','Swinney','Walter36@gmail.com',9343593124,'M','28511 Brenda Trail Hollowayville, GA 05784');
INSERT INTO PRESCRIPTION VALUES(123043,'CUST2467','Walter','diazepam',5,9343593124);
INSERT INTO BILL VALUES(123043,145,'28511 Brenda Trail Hollowayville, GA 05784','CASHIER1004','SUPPLIER1005');

INSERT INTO CUSTOMER VALUES('CUST3841','Brandon','Shiflet','Brandon23@gmail.com',8636063219,'M','907 Thompson Passage Suite 247 North Kathleen, VT 03770');
INSERT INTO PRESCRIPTION VALUES(123044,'CUST3841','Brandon','diazepam',3,8636063219);
INSERT INTO BILL VALUES(123044,87,'907 Thompson Passage Suite 247 North Kathleen, VT 03770','CASHIER1001','SUPPLIER1002');

INSERT INTO CUSTOMER VALUES('CUST8791','Brandon','Shiflet','Brandon32@gmail.com',9426447799,'F','78125 James Union Suite 245 Port Juliemouth, MT 88982');
INSERT INTO PRESCRIPTION VALUES(123045,'CUST8791','Brandon','hyoscine',10,9426447799);
INSERT INTO BILL VALUES(123045,150,'78125 James Union Suite 245 Port Juliemouth, MT 88982','CASHIER1003','SUPPLIER1003');

INSERT INTO CUSTOMER VALUES('CUST4771','Brandon','Shiflet','Brandon26@gmail.com',8577173371,'F','57589 Smith Course Apt. 021 Sullivanstad, MA 79180');
INSERT INTO PRESCRIPTION VALUES(123046,'CUST4771','Brandon','hyoscine',9,8577173371);
INSERT INTO BILL VALUES(123046,135,'57589 Smith Course Apt. 021 Sullivanstad, MA 79180','CASHIER1005','SUPPLIER1003');

INSERT INTO CUSTOMER VALUES('CUST1911','Brandon','Shiflet','Brandon25@gmail.com',9779774356,'F','7178 Teresa Vista Reevesborough, NV 07560');
INSERT INTO PRESCRIPTION VALUES(123047,'CUST1911','Brandon','diazepam',9,9779774356);
INSERT INTO BILL VALUES(123047,261,'7178 Teresa Vista Reevesborough, NV 07560','CASHIER1004','SUPPLIER1005');

INSERT INTO CUSTOMER VALUES('CUST9077','Brandon','Shiflet','Brandon39@gmail.com',8897710177,'F','43204 John Spur Suite 923 New James, NY 50359');
INSERT INTO PRESCRIPTION VALUES(123048,'CUST9077','Brandon','zopiclone',7,8897710177);
INSERT INTO BILL VALUES(123048,287,'43204 John Spur Suite 923 New James, NY 50359','CASHIER1002','SUPPLIER1001');

INSERT INTO CUSTOMER VALUES('CUST1504','Brandon','Shiflet','Brandon25@gmail.com',9210262359,'F','8726 Espinoza Mission Apt. 342 Mitchellfort, NJ 22496');
INSERT INTO PRESCRIPTION VALUES(123049,'CUST1504','Brandon','hyoscine',1,9210262359);
INSERT INTO BILL VALUES(123049,15,'8726 Espinoza Mission Apt. 342 Mitchellfort, NJ 22496','CASHIER1005','SUPPLIER1004');

INSERT INTO CUSTOMER VALUES('CUST4110','Brandon','Shiflet','Brandon38@gmail.com',9478031884,'F','424 Michael Neck Apt. 627 Taylorfort, WI 57946');
INSERT INTO PRESCRIPTION VALUES(123050,'CUST4110','Brandon','diazepam',8,9478031884);
INSERT INTO BILL VALUES(123050,232,'424 Michael Neck Apt. 627 Taylorfort, WI 57946','CASHIER1001','SUPPLIER1002');

